name	biological replicate	treatment	m1	m2
0 mM BR 1 	1	0	0.01192	0.19685
0 mM BR 2	2	0	0.01149	0.19555
0 mM BR 3	3	0	0.01486	0.18064
0.5 mM BR1	1	0.5	0.00765	0.19531
0.5 mM BR2	2	0.5	0.0167	0.20229
0.5 mM BR3	3	0.5	0.01127	0.19243
5 mM BR1	1	5	0.00881	0.19632
5 mM BR2	2	5	0.01178	0.19487
5 mM BR3	3	5	0.01229	0.20159